Matrix Size,Poor Base Case,Proper Base Case,'Supposed' Cache Optimized,Poor OpenMP,Thrashing OpenMP,Correct OpenMP
2048,0.122641,0.0152002,0.017872,0.0094122,0.0710368,0.106924,0.0112768
1024,0.0283082,0.0038372,0.0040798,0.003139,0.0299856,0.035813,0.0034238
512,0.0035292,0.0016546,0.0013468,0.0007564,0.0027132,0.0373218,0.0009524
256,0.0003832,0.0002716,0.0002422,0.0002092,0.0002764,0.0113198,0.0002524
128,8.38e-05,0.0002434,7.28e-05,0.0001236,0.0001038,0.0057278,7.5e-05
64,1.72e-05,1.66e-05,1.66e-05,0.0002244,5.4e-05,0.0026564,4.44e-05
32,3.40003e-06,3.6e-06,3.99996e-06,2.66e-05,2.6e-05,0.0007218,2.56e-05
